title,year,month,date,day
신정,2004,1,1,목요일
설날,2004,1,21,수요일
설날,2004,1,22,목요일
설날,2004,1,23,금요일
삼일절,2004,3,1,월요일
식목일,2004,4,5,월요일
어린이날,2004,5,5,수요일
석가탄신일,2004,5,26,수요일
현충일,2004,6,6,일요일
제헌절,2004,7,17,토요일
광복절,2004,8,15,일요일
추석,2004,9,27,월요일
추석,2004,9,28,화요일
추석,2004,9,29,수요일
개천절,2004,10,3,일요일
기독탄신일,2004,12,25,토요일
신정,2005,1,1,토요일
설날,2005,2,8,화요일
설날,2005,2,9,수요일
설날,2005,2,10,목요일
삼일절,2005,3,1,화요일
식목일,2005,4,5,화요일
어린이날,2005,5,5,목요일
석가탄신일,2005,5,15,일요일
현충일,2005,6,6,월요일
제헌절,2005,7,17,일요일
광복절,2005,8,15,월요일
추석,2005,9,17,토요일
추석,2005,9,18,일요일
추석,2005,9,19,월요일
개천절,2005,10,3,월요일
기독탄신일,2005,12,25,일요일
신정,2006,1,1,일요일
설날,2006,1,28,토요일
설날,2006,1,29,일요일
설날,2006,1,30,월요일
삼일절,2006,3,1,수요일
어린이날,2006,5,5,금요일
석가탄신일,2006,5,5,금요일
현충일,2006,6,6,화요일
제헌절,2006,7,17,월요일
광복절,2006,8,15,화요일
개천절,2006,10,3,화요일
추석,2006,10,5,목요일
추석,2006,10,6,금요일
추석,2006,10,7,토요일
기독탄신일,2006,12,25,월요일
신정,2007,1,1,월요일
설날,2007,2,17,토요일
설날,2007,2,18,일요일
설날,2007,2,19,월요일
삼일절,2007,3,1,목요일
어린이날,2007,5,5,토요일
석가탄신일,2007,5,24,목요일
현충일,2007,6,6,수요일
제헌절,2007,7,17,화요일
광복절,2007,8,15,수요일
추석,2007,9,24,월요일
추석,2007,9,25,화요일
추석,2007,9,26,수요일
개천절,2007,10,3,수요일
한글날,2007,10,9,화요일
기독탄신일,2007,12,25,화요일
신정,2008,1,1,화요일
설날,2008,2,6,수요일
설날,2008,2,7,목요일
설날,2008,2,8,금요일
삼일절,2008,3,1,토요일
어린이날,2008,5,5,월요일
석가탄신일,2008,5,12,월요일
현충일,2008,6,6,금요일
제헌절,2008,7,17,목요일
광복절,2008,8,15,금요일
추석,2008,9,13,토요일
추석,2008,9,14,일요일
추석,2008,9,15,월요일
개천절,2008,10,3,금요일
한글날,2008,10,9,목요일
기독탄신일,2008,12,25,목요일
신정,2009,1,1,목요일
설날,2009,1,25,일요일
설날,2009,1,26,월요일
설날,2009,1,27,화요일
삼일절,2009,3,1,일요일
석가탄신일,2009,5,2,토요일
어린이날,2009,5,5,화요일
현충일,2009,6,6,토요일
제헌절,2009,7,17,금요일
광복절,2009,8,15,토요일
추석,2009,10,2,금요일
추석,2009,10,3,토요일
개천절,2009,10,3,토요일
추석,2009,10,4,일요일
한글날,2009,10,9,금요일
기독탄신일,2009,12,25,금요일
신정,2010,1,1,금요일
설날,2010,2,13,토요일
설날,2010,2,14,일요일
설날,2010,2,15,월요일
삼일절,2010,3,1,월요일
어린이날,2010,5,5,수요일
석가탄신일,2010,5,21,금요일
현충일,2010,6,6,일요일
제헌절,2010,7,17,토요일
광복절,2010,8,15,일요일
추석,2010,9,21,화요일
추석,2010,9,22,수요일
추석,2010,9,23,목요일
개천절,2010,10,3,일요일
한글날,2010,10,9,토요일
기독탄신일,2010,12,25,토요일
신정,2011,1,1,토요일
설날,2011,2,2,수요일
설날,2011,2,3,목요일
설날,2011,2,4,금요일
삼일절,2011,3,1,화요일
어린이날,2011,5,5,목요일
석가탄신일,2011,5,10,화요일
현충일,2011,6,6,월요일
제헌절,2011,7,17,일요일
광복절,2011,8,15,월요일
추석,2011,9,11,일요일
추석,2011,9,12,월요일
추석,2011,9,13,화요일
개천절,2011,10,3,월요일
한글날,2011,10,9,일요일
기독탄신일,2011,12,25,일요일
신정,2012,1,1,일요일
설날,2012,1,22,일요일
설날,2012,1,23,월요일
설날,2012,1,24,화요일
삼일절,2012,3,1,목요일
국회의원선거일,2012,4,11,수요일
어린이날,2012,5,5,토요일
석가탄신일,2012,5,28,월요일
현충일,2012,6,6,수요일
제헌절,2012,7,17,화요일
광복절,2012,8,15,수요일
추석,2012,9,29,토요일
추석,2012,9,30,일요일
추석,2012,10,1,월요일
개천절,2012,10,3,수요일
한글날,2012,10,9,화요일
대통령선거일,2012,12,19,수요일
기독탄신일,2012,12,25,화요일
신정,2013,1,1,화요일
설날,2013,2,9,토요일
설날,2013,2,10,일요일
설날,2013,2,11,월요일
삼일절,2013,3,1,금요일
어린이 날,2013,5,5,일요일
석가탄신일,2013,5,17,금요일
현충일,2013,6,6,목요일
제헌절,2013,7,17,수요일
광복절,2013,8,15,목요일
추석,2013,9,18,수요일
추석,2013,9,19,목요일
추석,2013,9,20,금요일
개천절,2013,10,3,목요일
한글날,2013,10,9,수요일
기독탄신일,2013,12,25,수요일
신정,2014,1,1,수요일
설날,2014,1,30,목요일
설날,2014,1,31,금요일
설날,2014,2,1,토요일
삼일절,2014,3,1,토요일
어린이날,2014,5,5,월요일
석가탄신일,2014,5,6,화요일
동시지방선거일,2014,6,4,수요일
현충일,2014,6,6,금요일
제헌절,2014,7,17,목요일
광복절,2014,8,15,금요일
추석,2014,9,7,일요일
추석,2014,9,8,월요일
추석,2014,9,9,화요일
대체공휴일,2014,9,10,수요일
개천절,2014,10,3,금요일
한글날,2014,10,9,목요일
기독탄신일,2014,12,25,목요일
신정,2015,1,1,목요일
설날,2015,2,18,수요일
설날,2015,2,19,목요일
설날,2015,2,20,금요일
삼일절,2015,3,1,일요일
어린이날,2015,5,5,화요일
석가탄신일,2015,5,25,월요일
현충일,2015,6,6,토요일
제헌절,2015,7,17,금요일
광복절,2015,8,15,토요일
추석,2015,9,26,토요일
추석,2015,9,27,일요일
추석,2015,9,28,월요일
대체공휴일,2015,9,29,화요일
개천절,2015,10,3,토요일
한글날,2015,10,9,금요일
기독탄신일,2015,12,25,금요일
신정,2016,1,1,금요일
설날,2016,2,7,일요일
설날,2016,2,8,월요일
설날,2016,2,9,화요일
대체공휴일,2016,2,10,수요일
삼일절,2016,3,1,화요일
국회의원선거일,2016,4,13,수요일
어린이날,2016,5,5,목요일
석가탄신일,2016,5,14,토요일
현충일,2016,6,6,월요일
제헌절,2016,7,17,일요일
광복절,2016,8,15,월요일
추석,2016,9,14,수요일
추석,2016,9,15,목요일
추석,2016,9,16,금요일
개천절,2016,10,3,월요일
한글날,2016,10,9,일요일
기독탄신일,2016,12,25,일요일
신정,2017,1,1,일요일
설날,2017,1,27,금요일
설날,2017,1,28,토요일
설날,2017,1,29,일요일
대체공휴일,2017,1,30,월요일
삼일절,2017,3,1,수요일
석가탄신일,2017,5,3,수요일
어린이날,2017,5,5,금요일
대통령선거일,2017,5,9,화요일
현충일,2017,6,6,화요일
제헌절,2017,7,17,월요일
광복절,2017,8,15,화요일
임시공휴일,2017,10,2,월요일
개천절,2017,10,3,화요일
추석,2017,10,3,화요일
추석,2017,10,4,수요일
추석,2017,10,5,목요일
대체공휴일,2017,10,6,금요일
한글날,2017,10,9,월요일
기독탄신일,2017,12,25,월요일
1월1일,2018,1,1,월요일
설날,2018,2,15,목요일
설날,2018,2,16,금요일
설날,2018,2,17,토요일
삼일절,2018,3,1,목요일
어린이날,2018,5,5,토요일
대체휴무일,2018,5,7,월요일
부처님오신날,2018,5,22,화요일
현충일,2018,6,6,수요일
전국동시지방선거,2018,6,13,수요일
제헌절,2018,7,17,화요일
광복절,2018,8,15,수요일
추석,2018,9,23,일요일
추석,2018,9,24,월요일
추석,2018,9,25,화요일
대체휴무일,2018,9,26,수요일
개천절,2018,10,3,수요일
한글날,2018,10,9,화요일
기독탄신일,2018,12,25,화요일
1월1일,2019,1,1,화요일
설날,2019,2,4,월요일
설날,2019,2,5,화요일
설날,2019,2,6,수요일
삼일절,2019,3,1,금요일
어린이날,2019,5,5,일요일
대체공휴일,2019,5,6,월요일
부처님오신날,2019,5,12,일요일
현충일,2019,6,6,목요일
제헌절,2019,7,17,수요일
광복절,2019,8,15,목요일
추석,2019,9,12,목요일
추석,2019,9,13,금요일
추석,2019,9,14,토요일
개천절,2019,10,3,목요일
한글날,2019,10,9,수요일
기독탄신일,2019,12,25,수요일
1월1일,2020,1,1,수요일
설날,2020,1,24,금요일
설날,2020,1,25,토요일
설날,2020,1,26,일요일
설날,2020,1,27,월요일
삼일절,2020,3,1,일요일
제21대 국회의원선거,2020,4,15,수요일
부처님오신날,2020,4,30,목요일
어린이날,2020,5,5,화요일
현충일,2020,6,6,토요일
제헌절,2020,7,17,금요일
광복절,2020,8,15,토요일
임시공휴일,2020,8,17,월요일
추석,2020,9,30,수요일
추석,2020,10,1,목요일
추석,2020,10,2,금요일
개천절,2020,10,3,토요일
한글날,2020,10,9,금요일
기독탄신일,2020,12,25,금요일
1월1일,2021,1,1,금요일
설날,2021,2,11,목요일
설날,2021,2,12,금요일
설날,2021,2,13,토요일
삼일절,2021,3,1,월요일
어린이날,2021,5,5,수요일
부처님오신날,2021,5,19,수요일
현충일,2021,6,6,일요일
제헌절,2021,7,17,토요일
광복절,2021,8,15,일요일
대체공휴일,2021,8,16,월요일
추석,2021,9,20,월요일
추석,2021,9,21,화요일
추석,2021,9,22,수요일
개천절,2021,10,3,일요일
대체공휴일,2021,10,4,월요일
한글날,2021,10,9,토요일
대체공휴일,2021,10,11,월요일
기독탄신일,2021,12,25,토요일
1월1일,2022,1,1,토요일
설날,2022,1,31,월요일
설날,2022,2,1,화요일
설날,2022,2,2,수요일
삼일절,2022,3,1,화요일
대통령선거일,2022,3,9,수요일
어린이날,2022,5,5,목요일
부처님오신날,2022,5,8,일요일
전국동시지방선거,2022,6,1,수요일
현충일,2022,6,6,월요일
제헌절,2022,7,17,일요일
광복절,2022,8,15,월요일
추석,2022,9,9,금요일
추석,2022,9,10,토요일
추석,2022,9,11,일요일
대체공휴일,2022,9,12,월요일
개천절,2022,10,3,월요일
한글날,2022,10,9,일요일
대체공휴일,2022,10,10,월요일
기독탄신일,2022,12,25,일요일
1월1일,2023,1,1,일요일
설날,2023,1,21,토요일
설날,2023,1,22,일요일
설날,2023,1,23,월요일
대체공휴일,2023,1,24,화요일
삼일절,2023,3,1,수요일
어린이날,2023,5,5,금요일
부처님오신날,2023,5,27,토요일
현충일,2023,6,6,화요일
제헌절,2023,7,17,월요일
광복절,2023,8,15,화요일
추석,2023,9,28,목요일
추석,2023,9,29,금요일
추석,2023,9,30,토요일
개천절,2023,10,3,화요일
한글날,2023,10,9,월요일
기독탄신일,2023,12,25,월요일
1월1일,2024,1,1,월요일
설날,2024,2,9,금요일
설날,2024,2,10,토요일
설날,2024,2,11,일요일
대체공휴일(설날),2024,2,12,월요일
삼일절,2024,3,1,금요일
어린이날,2024,5,5,일요일
대체공휴일(어린이날),2024,5,6,월요일
부처님오신날,2024,5,15,수요일
현충일,2024,6,6,목요일
제헌절,2024,7,17,수요일
광복절,2024,8,15,목요일
추석,2024,9,16,월요일
추석,2024,9,17,화요일
추석,2024,9,18,수요일
개천절,2024,10,3,목요일
한글날,2024,10,9,수요일
기독탄신일,2024,12,25,수요일
